Name,Card Type,Card Number,Expiration Date,CVV
Brian Tanner,VISA 13 digit,180045971710261,02/30,203
April Lloyd,JCB 15 digit,5507732970449786,03/31,080
Stephen Thompson,American Express,4046281083049755809,12/32,309
Amy Jackson,Discover,3585361518152106,08/30,911
Jennifer Krause,VISA 16 digit,4847426173427297545,12/27,260
April Ross,Mastercard,346132612771703,09/26,630
Thomas Hartman,Maestro,4284195824910046253,06/28,341
Jacob Randolph,Maestro,4860972037894392,11/34,523
Angela Howard,VISA 19 digit,4082089801274024,12/29,278
Gabriela Roberts,Diners Club / Carte Blanche,2226344521014627,06/27,463
Brandon Gibson,JCB 15 digit,4141857018882683,06/26,489
Grace Nelson,American Express,4575323736287,08/31,223
David Stanley,JCB 16 digit,4605964092660446,10/29,674
Christopher Peters,Mastercard,676329294315,08/30,3636
Ashley Banks,JCB 16 digit,3518140327641315,07/29,671
Brian Terry,JCB 16 digit,3555763913559395,11/34,707
Elizabeth Cunningham,VISA 13 digit,4081195669904,07/33,056
Charles Nguyen,JCB 16 digit,3581984232256434,02/31,335
Theresa Young,JCB 16 digit,30377483948457,04/32,863
Austin Rogers,JCB 15 digit,6011078195083472,12/31,347
Kristi Willis,Maestro,6566058871106739,05/30,146
Keith Rodriguez,JCB 15 digit,4174656358826,10/33,311
Gregory Owens,Mastercard,4074307988892453,07/26,274
Megan Collins,JCB 16 digit,4531560716675304,10/30,431
Stephanie Anderson,VISA 16 digit,2602363491965026,02/30,467
Steven Cruz,Diners Club / Carte Blanche,4755506908936102,06/33,050
Jasmine Ponce,Maestro,5315395683365947,09/28,687
Ricky Martin,JCB 16 digit,4474178498948,11/31,964
Joshua Ramirez,JCB 16 digit,30039206547632,06/29,352
Thomas Sanchez,Discover,4565560328341799,11/33,340
Brandy Chavez,American Express,4525563667414622,02/32,795
Bianca Lester,American Express,2285562949351184,10/29,930
Jennifer Johnson,JCB 15 digit,572406826782,03/29,250
Troy Schroeder,Mastercard,6011101224226878,02/30,934
Dr. Alexander Williams,Discover,2270907476766477,01/35,416
Michael Marks,VISA 19 digit,501839371231,12/31,961
Caitlin Guzman,VISA 16 digit,344956220869695,07/28,761
Jacob Chavez,JCB 16 digit,6011581469660370,12/26,831
Carmen Shaw,American Express,30137728303771,12/27,207
Teresa Lee,VISA 13 digit,4786275302825818840,09/26,917
Samantha Kirby,VISA 13 digit,4253224291990077,02/31,487
Stacy Avery,American Express,4714104712620318,02/35,212
Kelly Padilla,JCB 16 digit,4612769163658,07/31,712
Keith Gamble,Mastercard,3598073000860683,04/29,612
Marissa Walters,JCB 16 digit,180004696707755,06/27,533
Emma Meadows,JCB 16 digit,30139550426886,04/29,959
Sheri Olsen,VISA 19 digit,4323017782880286,12/33,436
Monique Jackson,JCB 15 digit,6501370073542332,09/29,160
Aaron Ramos,Discover,30304781046081,07/27,539
Shane Gray,JCB 15 digit,2262714950946017,02/33,169
